<?xml version="1.0" encoding="UTF-8"?>
<!DOCTYPE xml>
<properties>
	<file_path>D:/New folder/Kaleeswaran/property files/AmexJMSConfig.properties</file_path>
	<file_path_log4j>D:/New folder/Kaleeswaran/property files/AmexLog4j2/log4j2.properties</file_path_log4j>
	<xml_key>result</xml_key>
	
	
<!--    database configuration    -->

<!-- 	<database_ip>172.16.11.46</database_ip>
	<db_username>SYSTEM</db_username>
	<db_password>SYS</db_password>
	<service_name>orcl</service_name>
	<database_port>1521</database_port> -->
	
<!--    database configuration    -->
	<!--  <database_ip>bhodtsdb05-scan</database_ip>
	<db_username>testivr</db_username>
	<db_password>testivr</db_password>
	<service_name>TESTIVR.menacorp.com</service_name>
	<database_port>1531</database_port> -->
	
	<database_ip>192.168.168.12</database_ip>
	<db_username>NewJoinee2022</db_username>
	<db_password>P@ssw0rd</db_password>
	<service_name>databaseName=_Kaleeswaran2022;encrypt=true;trustServerCertificate=true;</service_name>
	<database_port>1433</database_port>
	
</properties>